项目编码,项目名称,商务开累产值不含税,商务开累产值含税,商务本年产值不含税,商务本年产值含税,商务开累成本,商务本年成本
U_ORG_XM_AHWHYJSYY,安徽芜湖皖南医学院弋矶山医院,178013718.39253575,195815090.2291389,34083635.07339187,37491998.58049908,168980500.04664677,32589596.66402534
U_ORG_XM_AHZWCF,安徽忠旺厂房,0,0,-127750,-127750,0,-127750
U_ORG_XM_AJXXZSDCBDXMP4BD,埃及新行政首都CBD项目P4标段,791399000,791399000,132314100,132314100,,
U_ORG_XM_ASJGS,鞍山市公安局监管场所新建,69694956.640961,75967502.7386549,69314685.4417023,75553007.13146292,68482592.66999999,68108949.33999999
U_ORG_XM_BDFZJXL,北京大学新建附属中学北校区综合教学楼,197428416.61687154,215196974.10446852,-719525.0010854967,-784282.2511117442,193838802.60000002,-698197.8299999997
U_ORG_XM_BDKYL,北京大学教学科研楼,204818450.52870503,207634797.31030852,13467617.574562237,13688341.045677196,197116409.83000004,12965081.850000003
U_ORG_XM_BDTSGGZ,北京大学图书馆改造,150117490.20802492,164423722.11107346,6550265.781281331,7166044.786400553,147654910.37,6396439.250000002
U_ORG_XM_BJAZKYL,北京A座科研楼,13270686.97873255,14597755.669505334,0,0,12685989.09,0
U_ORG_XM_BJCBDSYJR,北京市CBD核心区Z2b地块商业金融,1746851160.977559,1799256695.8182611,60603050.83371799,62421142.360035285,1733949817.5676596,60086481.47
U_ORG_XM_BJDCBGLGKJ,北京东城办公楼改扩建,165514861.60107255,179980434.14678836,86346624.54386501,93923422.96811108,156295649.26797637,82730761.5588764
U_ORG_XM_BJDXHXYEQDL,北京大学化学学院E区大楼,66836631.686875835,72851928.53320518,27935706.595512446,30449920.186689235,65189810.148,27246133.867999997
U_ORG_XM_BJFSHFZYGY,北京房山华发中央公园,262264576.70357707,285868388.6095913,145227634.06342328,158298121.12946945,249879621.85376948,139283660.4837695
U_ORG_XM_BJFSLHXYTJ,北京房山龙湖熙悦天街,460549531.3697723,503181837.32795906,15632087.686107593,17070182.98454304,435891277.15320003,14722787.089999998
U_ORG_XM_BJFZDSZX,北京凤展大厦装修工程,4267243.3779038545,4693967.718690389,0,0,4013754.41,0
U_ORG_XM_BJFZKYLJD,北京纺织科研楼实验楼机电,77951314.97714624,85016525.36739329,5509995.325603051,6009400.322633269,75715979.82,5351990.47
U_ORG_XM_BJGAZXGZ,北京港澳中心改造,305750835.63584095,333268410.8345622,146265174.25901148,159429039.9371363,300603017.12916344,144047359.51999998
U_ORG_XM_BJGJKJCBZX,北京国家科技传播中心,310279984.18914145,338651862.8517814,83129718.82980928,90721491.78198309,265214795.3219202,71975888.74
U_ORG_XM_BJGLYSQ03_31,北京高丽营三期03-31地块,679226982.2926805,743389421.0323201,-4882282.747960044,-5353990.806463873,615010978.97,-4305380.369999997
U_ORG_XM_BJGMGYGZ,北京国贸公寓改造,149906323.85244697,164255771.62181464,11866443.391852025,13068369.868901799,147147784.02120447,11665083.389999999
U_ORG_XM_BJHPC,北京和平村,428165683.432176,475263908.623748,38551140.733288124,42791766.218477815,411998737.30999994,37391472.900000006
U_ORG_XM_BJHQDJQJT,北京环球度假区（集团）,24842310.7549631,27183557.17718781,1407567.5694752,1535656.2182771158,24660849.490000002,1395457.54
U_ORG_XM_BJHQGYDJQ,北京环球度假区,708272494.0963187,772577486.6139104,52100392.31583163,56812611.586974226,702581837.9961805,51851440.71939772
U_ORG_XM_BJHQNYZX,北京环球能源中心,251913724.93950415,273807408.7017061,19854042.082170565,21558683.680890493,238121350.64999998,19019725.47
U_ORG_XM_BJHQZTGY,北京环球主题公园,1228739088.0915544,1340509370.0632215,106579385.8880985,116268596.13721518,1194075144.3511996,104271122.42400002
U_ORG_XM_BJHRZGCCZZ,北京怀柔张各长村住宅,401411718.82560015,437429784.8973212,38191994.01779758,40998784.032227926,395772219.90999997,37824744.45
U_ORG_XM_BJHSMZXGZ,北京火神庙商业中心改造,292910658.889638,322832843.0788064,32659439.229286835,36128728.10276857,289253371.350908,32250909.299999993
U_ORG_XM_BJJCBDT,北京精测半导体设备及准分子激光器,44700164.24603927,48723179.027300425,44700164.24603927,48723179.027300425,44434904.97,44434904.97
U_ORG_XM_BJJGMBGLGJ,北京建国门办公楼改建工程,73037286.10290542,79978170.79465564,30880668.233457524,33675281.38756814,71640766.6084466,30581877.279999997
U_ORG_XM_BJKTDX,北京凯特大厦,396018198.186296,399898514.6090593,-12169378.563955732,-11820976.857441261,388343814.0500001,-12858437.969999995
U_ORG_XM_BJLZJRSWQJ,北京丽泽金融商务区E区13、14地块项目[局集团],493349473.851867,498996179.7505635,9130237.192778947,9199306.596712926,484434716.92145634,8930915.030000001
U_ORG_XM_BJNHHS,北京新机场南航航空食品设施,658817992.6797836,727599218.0369217,5896515.954512019,6503471.378703747,643051868.6789999,5754373.33
U_ORG_XM_BJODBSMZX,北京欧德宝商贸中心,136127631.16624498,149542954.73958552,3378920.1176470686,3716812.1319689155,132013107.27800022,3198571.4272005004
U_ORG_XM_BJPAE05DK,北京平安金融中心E05地块,608510688.9401,666317753.9373225,5049398.332954309,5529086.39849231,606323728.95,5034341.259999994
U_ORG_XM_BJQMCQGZ,北京前门B2B3地块重启后改造工程,17950328.100136478,19565857.621053167,4737996.082682434,5164415.727987017,17622166.27,4651377.640000001
U_ORG_XM_BJSKWKJD,北京首开万科天地机电,23919134.672356803,24636708.7170206,6452547.150728008,6646123.566461927,23719683.610000003,6398742.22
U_ORG_XM_BJSMYJSKJ,北京生命科学研究所扩建,276801953.64031655,277814501.92688674,40721932.03614787,40783683.11796871,273133749.6999999,40199233.91
U_ORG_XM_BJSYHSYGYCQF,北京顺义后沙峪共有产权房,556948112.8275272,607073442.9771293,229285962.99019313,249921699.65729535,554331299.4882312,228544375.44440004
U_ORG_XM_BJSYMTZ,北京顺义马头庄,774160731.8728628,845386780.0372438,86255277.49230374,94319256.86244449,753882900.6980404,83905284.0263
U_ORG_XM_BJTGLGZ,北京太古里改造,131667146.64787011,144226818.2462515,81373.52625824262,89404.65466258966,130674675.66999996,80334.04999999981
U_ORG_XM_BJTKSQ,北京泰康之家燕园三期,55621477.708127566,60627410.70209243,55621477.708127566,60627410.70209243,55065262.93,55065262.93
U_ORG_XM_BJTLDYQ,北京天利德一期厂房,17386259.294510745,17560725.742222134,3598089.2722015814,3634268.7301903423,16696246.780000001,3456009.62
U_ORG_XM_BJTZWG,北京通州网络安全技术研发厂房,123704904.31380627,134838345.7010183,123704904.31380627,134838345.7010183,122946396.13,122946396.13
U_ORG_XM_BJWJBGLSQ,北京望京办公楼三期,216136122.9566368,237950890.67692205,21998320.36432559,24224607.232612133,214534729.68000004,21840705.950000003
U_ORG_XM_BJWKFCGYJD,北京万科翡翠公园机电,17339760.56306517,18855354.46378041,11200.984685238045,12180.014586441637,16698780.390000002,10786.929999999935
U_ORG_XM_BJWKQXS,北京万科七橡墅,537899730.7455131,585791174.5811733,41265496.36954337,44932338.31282921,497992275.2002313,38490716.63106195
U_ORG_XM_BJWKWX,北京万科望溪,247728380.68229312,270023934.9468532,61932014.91488904,67505896.25778066,244599781.86,61066987.99999999
U_ORG_XM_BJWKZYC,北京祥筑万科长阳中央城,161386866.24804184,164113530.45144868,354680.1713552538,361067.8697624565,158479750.30999997,348085.04000000656
U_ORG_XM_BJWLCXX,北京未来城学校,52751154.63448636,57498758.55475757,23232072.56717211,25322959.09961257,52498101.09000001,23120625.559999995
U_ORG_XM_BJWLCXXZB,北京未来城学校总承包,235286173.79501998,256082992.16289917,235286173.79501998,256082992.16289917,230992259.91300002,230992259.91300002
U_ORG_XM_BJXHFTFKT,北京西华府商办楼通风空调工程,32060097.40796567,33021900.328831937,1152968.843416594,1187557.908669726,31546839.1,1134510.67
U_ORG_XM_BJXJCGL,北京新机场道路及综合管廊,413318824.3630746,458107741.4275327,57047899.39167662,63313018.90966194,399693874.21974766,55130641.78000001
U_ORG_XM_BJXSJDAZF,北京香山军队安置房,246436089.9499297,273544059.8193408,20725143.925381284,23004909.835907437,241700176.88136888,20178684.979999993
U_ORG_XM_BJXXCXY,中国电信北京信息科技创新园工程,136133545.81371254,136133545.81371254,0,0,121926683.18,0
U_ORG_XM_BJXXCXYEQ,中国电信北京信息科技创新园科研数据中心,162802795.5037888,179505052.30518645,49390289.477662876,51929274.293225825,159566147.13099998,48987291.099999994
U_ORG_XM_BJXYDHLWJD,北京新一代互联网云计算产创基地机电,78644791.29238267,85722822.51209551,33277747.12936091,36272744.37244138,78065452.7,33032605.87
U_ORG_XM_BJYCCF,北京盈创2#厂房等5项,147741321.5845568,161435339.7931941,7468351.942366909,8167694.869510371,145802876.42000002,7324702.620000001
U_ORG_XM_BJYDHHHLJZL,北京永定河混合垃圾治理,21328746.669281285,23248333.866328444,21254.98656775231,23167.935355672882,20966276.59,20893.77000000002
U_ORG_XM_BJYYYH,北京远洋瀛海,779795283.5735898,850014076.4104433,94784453.55977044,103380257.90864722,771536016.144128,93847648.39000002
U_ORG_XM_BJZ12TKJD,北京Z12泰康大厦机电工程,219333036.93918326,225913028.09614977,24047145.48996593,24768559.86441344,202892774.93000004,22392454.279999997
U_ORG_XM_BJZCCF,北京中钞厂房,304603085.06089306,335063393.61739993,65827406.32607041,72410146.9692123,299577061.734,64759270.739999995
U_ORG_XM_BJZGYD,北京中国移动博瑞琪大厦装修改造,20416994.516475964,22254524.023146637,20416994.516475964,22254524.023146637,20270686,20270686
U_ORG_XM_BJZSJD,北京招商嘉铭酒店,2900930.950937814,3220033.3575737625,0,0,2566080.45,0
U_ORG_XM_BJZXZS,北京中芯北方BO2剩余楼层装修,35366998.49242677,38550028.35876226,35366998.49242677,38550028.35876226,35171139.99,35171139.99
U_ORG_XM_BQDLZCJD,北汽动力总成基地项目（一期）二标段,671827536.5498607,677913815.1372571,231171.6955773065,231784.55679349747,662158192.4599999,232740.94000000955
U_ORG_XM_BQSTLGZF,北京顺义新城第4街区保障性住房,449836941.6714823,496032813.35946506,48837280.743365124,53929030.44439202,434217042.78999996,47429810.60000001
U_ORG_XM_BZDERMYY,山东滨州第二人民医院西院区,178425755.1646053,194484073.13189563,86552288.09300274,94341994.02222124,178063085.80875978,86350989.4187598
U_ORG_XM_BZGZSYXX,巴中光正实验学校,139259371.61797732,153185308.777978,561886.8874114917,618075.5761504935,138173631.72547176,557131.8499999986
U_ORG_XM_BZSYLXQ,霸州市云庐小区住宅,143727309.59306467,156662767.45406395,60239468.30662359,65661020.45294916,134375733.13797265,56308462.60271789
U_ORG_XM_CDCHQSPZZ,成都成华区跳蹬河南路9号新建商品住宅项目一期,196945193.7653448,214670261.2038614,113626770.4655728,123853179.80737287,189481645.86549994,109590617.74000001
U_ORG_XM_CDDJBX,成都大家保险金融广场机电,14344006.102862976,15634966.65169673,14344006.102862976,15634966.65169673,14326321.32,14326321.32
U_ORG_XM_CDDYHQJBZ,成都大运会安居保障EPC,194201.86687608968,211680.03489450144,194201.86687608968,211680.03489450144,194080,194080
U_ORG_XM_CDGJTLGZLZX,成都国际铁路港展览中心,13167512.280025035,14484263.510790471,-359344.8104323711,-395279.2912757929,12985315.46,-354271.38
U_ORG_XM_CDHJSSJ,成都黄甲尚善居C区,508398333.3540231,559238166.736748,39153114.60212561,43068426.065627225,475468480.5413643,36586296.20446602
U_ORG_XM_CDJDF6DX,成都京东方第6代生产线,2078743725.357272,2124984125.0930207,9826579.593776805,10045165.9269368,1730526536.7199993,8344074.769999996
U_ORG_XM_CDJDFCK,成都京东方第6代柔性AMOLED触控一体化显示器件,394806886.18383425,432935574.83545023,28035887.598600194,30798670.206752226,393564006.8983862,27936021.655631073
U_ORG_XM_CDJDFCKFZ,成都京东方第6代柔性AMOLED触控一体化显示器件（发展）,7583312.570423301,8265810.699988039,287933.0795825262,313847.0565396739,7400609.80213592,275132.80213592004
U_ORG_XM_CDJDFGYZX,成都京东方AMOLED工艺技术测试中心,204904363.77989766,226115979.6305864,26083636.95609885,28781707.189154975,203803016.22360003,25895001.11
U_ORG_XM_CDJDFJD,成都京东方第6代生产线机电A标段,137255934.27393016,151806351.41708794,21813350.57285683,24125770.446022857,136218057.33999997,21648406.35
U_ORG_XM_CDJNRCGY,成都金牛人才公寓,818776640.9451925,892466538.6291013,233608733.62112838,254633519.6458012,803785918.4805988,229688197.55021203
U_ORG_XM_CDJTWFPPP,成都金堂县五凤镇新型城镇化PPP项目,402455700.03329915,442574941.8479774,22835605.445829015,25111596.271229252,400161954.62815017,22711180.236950003
U_ORG_XM_CDJTWFPPPJT,成都金堂县五凤镇新型城镇化PPP（集团）,40406650.77830255,44447315.860577546,11618828.793002361,12780711.67358067,40081601.72,11525361.77
U_ORG_XM_CDJXJC,成都锦绣江城EPC,289753938.05973494,315831792.4837226,124575558.2865497,135787358.5311312,282575925.8335635,121770058.16766796
U_ORG_XM_CDLTGC,成都乐天广场,602263725.5379927,657677875.5038648,74906589.59423548,81811215.38131243,572177141.6129147,70858722.71000001
U_ORG_XM_CDPJSQZHT,成都蒲江鹤山街道办社区综合体,441516101.4064223,481252550.53615355,93468778.8152149,101880968.90934233,421319709.2115504,89163943.1224525
U_ORG_XM_CDQBJPPPFJ,成都青白江区PPP·房建,501545684.2980366,553503524.8177221,26055998.422626965,28755473.929245666,487097246.92071795,25505373.43
U_ORG_XM_CDQBJPPPSZ,成都青白江区PPP·市政,86557397.89745192,96078711.66449022,1991304.889655259,2210348.427478656,85740257.31,1972506.0799999996
U_ORG_XM_CDQBJPPPSZFZ,成都青白江区PPP·市政（发展）,29893344.038607806,32583745.004550744,99079.8674168631,107997.05549256162,29792160.479999997,98744.5
U_ORG_XM_CDQXYG,成都千行云谷,31218617.040573854,34028292.57190237,6991185.7681113435,7620392.486721118,30971165.779999997,6935770.83
U_ORG_XM_CDTDJD,成都泰达时代中心机电,74146943.44280156,74834209.58668399,44967.774464599046,45410.872672405785,65979774.47999998,39702.189999999944
U_ORG_XM_CDTFC,成都江宇天府城,193974102.96040183,196188515.77780545,459318.60079479404,464811.97579695954,190623759.05000007,450792.94000000134
U_ORG_XM_CDWJQBLT,成都温江区BLT,230077129.5867641,251874109.75672978,22528534.778495677,24283232.931369137,229691260.7179281,22496741.040000003
U_ORG_XM_CDXDAZF,成都新都区成青苑及桂荷馨苑小区,598243538.3169233,656915964.1206603,170728779.53181484,186046387.8945353,548530848.3372487,157085682.43523115
U_ORG_XM_CDXJYBF,成都新津御宾府,170842981.31509507,186218849.05224892,51077156.31709097,55674099.99203476,159893756.382553,48037218.46700001
U_ORG_XM_CDXXLJEQ,成都香榭林居二期,818091618.9205865,899900780.818161,64148295.85115388,70563125.43674642,757567210.2638798,59494809.60063025
U_ORG_XM_CDYSDC,成都528艺术东村产业展示,545246208.1880456,561224066.7477384,3579518.1225303374,3686903.6662247833,537828843.0299997,3508255.65
U_ORG_XM_CDYSW,成都奕斯伟板级封装系统集成电路,932183.1192709464,1016079.6000880662,868059.8466737047,946185.2329562097,917370.5700000001,854717.42
U_ORG_XM_CDZG,成都紫光存储器制造基地,713059788.791707,777230067.5933738,86012080.77017675,93753840.91906442,698285428.7476962,84234108.54273646
U_ORG_XM_CDZGSF,成都中国商飞民机示范产业园二期,81420730.89973193,88748596.68490942,60237324.048272364,65658683.2154258,81170053.3707767,60067562.25077671
U_ORG_XM_CDZHYHSY,成都中海·御湖世家,180053841.14629522,197238159.80878687,-677243.42329041,-741323.4891478899,178101319.3578381,-670029.3600000015
U_ORG_XM_CDZLLYJY,成都中粮·珑悦锦云,291494654.2556362,314970798.7320922,19715854.059386674,21354483.350836486,275889493.76761526,18763012.670572907
U_ORG_XM_CDZYFSYY,成都中医大附属第二医院,18399683.40165267,20055654.907840386,10100022.09816498,11009024.087021222,18279759.14,10034192.830000002
U_ORG_XM_CHOFG,巢湖欧菲光光学光电产业基地建设,605974545.0588659,660512254.1164808,547776543.433804,597076432.3451452,602857376.760298,544958821.7502978
U_ORG_XM_CPXQGZ,北京大学昌平新校区宿舍楼装修改造,184285398.03893638,200896754.05766863,184255940.47799355,200864645.31623954,183464334.89999998,183434980.85999998
U_ORG_XM_CQHFBJSJ,重庆华发·滨江四季,222686266.40211266,242728422.60540166,110065646.68573971,119971947.11204527,206405727.78732497,102026150.48999998
U_ORG_XM_CQHXZZ,重庆华熙LIVE·鱼洞住宅,216793041.4342043,240551564.66173643,9163987.584964432,10179840.148359146,215453749.37680137,9105647.48481229
U_ORG_XM_CQJDF6AMOLED,重庆京东方第6代AMOLED柔性生产线,2800310602.9409947,3052533640.2559023,510256595.10527873,556196524.5896688,2787310571.9397993,509102563.4298001
U_ORG_XM_CQLJKGWLY,重庆两江空港物流园,161706015.60685986,176909997.72884363,867064.452472017,948603.642033386,160129244.5058527,860914.3200000011
U_ORG_XM_CQSKHLSEQ,重庆SK海力士二期,50804462.329181515,55640261.574741274,-2117467.1014358085,-2319017.2279832424,50384635.52688834,-2099969.2399999993
U_ORG_XM_CQTXEQ,重庆腾讯云计算中心二期,92403882.41848089,102170498.04782674,315376.20322426024,349888.20673636073,91301788.98000002,312445.3999999996
U_ORG_XM_CQTXEQXF,重庆腾讯云计算中心二期消防工程,18572615.174553808,20244150.539211925,1921438.4509610292,2094367.9114387147,18291333.83,1892338.3599999996
U_ORG_XM_CQYCZCZGZN,重庆永川中船重工智能制造产业园,3978028.0784269758,4336050.606485404,-135945.6459754367,-148180.75414740015,3687965.21,-126033.00000000001
U_ORG_XM_CQYDTYG,重庆华熙LIVE·鱼洞体育馆,348413001.5819496,358865391.6219448,2667542.603099373,2747568.881064401,343294024.6115242,2632862.3200000003
U_ORG_XM_CQYSCN,重庆亚士创能长寿综合制造基地,76039977.43784814,82883575.3983698,75929387.16981283,82763032.00622672,74672706.79999998,74564209.75999999
U_ORG_XM_CQYYSZXZ,重庆云阳数智森林小镇产业园区(一期)EPC,8084499.018713101,8812103.930451714,8084499.018713101,8812103.930451714,8031694.37,8031694.37
U_ORG_XM_CYJZQ,北京常营大型居住区三期,74657132.43570557,74666392.02427574,159046.42777475555,159046.932383678,73240412.59,156137.52000001073
U_ORG_XM_CYMSHJC,北京朝阳门SOHO中心南区商业加层,3405036.230414027,3440548.4061856354,0,0,3304636.55,0
U_ORG_XM_CZHK,滁州惠科第8.6代薄膜晶体管液晶显示器件,37257446.50904619,41276469.29304354,74349.90107118635,82370.14868317699,36767881.97262137,73372.93999999997
U_ORG_XM_CZQLDXF,常州青龙西路定销房,127869866.33027562,139378154.3056264,14771551.018074714,16100990.610315852,121592624.07400002,14025026.81
U_ORG_XM_CZXBQZZ,常州市新北区住宅EPC,1141904.964307065,1244676.4110846594,1141904.964307065,1244676.4110846594,916483.78,916483.78
U_ORG_XM_D11DTFT_SZHXGD11D,深圳华星光电第11代TFT-LCD及AMOLED新型显示器件,728252825.7529087,799905099.5581019,9915029.999235649,10886074.004710171,717814769.663204,9776429.61
U_ORG_XM_DGHWSYS,东莞华为研发实验室一期,282963596.1449834,290466404.7436696,5493692.518928935,5619413.887001799,281530265.25999993,5465928.699999988
U_ORG_XM_DGOPPOJD,东莞OPPO滨海湾数据中心机电,23657282.552912056,25786437.982093584,23657282.552912056,25786437.982093584,23535059.33,23535059.33
U_ORG_XM_DGXTC,东莞小天才生产中心,242554023.2365579,264383885.32681474,76116362.2130725,82966834.81152776,240963509.17222103,75613345.43622375
U_ORG_XM_DJYJL,都江堰锦庐-4期房地产开发,11910591.646065224,12979615.01231535,11910591.646065224,12979615.01231535,11558560.579999998,11558560.579999998
U_ORG_XM_DLGWJ,大连港湾街二号地块,697042102.3348491,715512976.7413025,6348624.340510046,6562080.712749415,693263683.9499998,6314102.61
U_ORG_XM_DLXHW,大连星海湾壹号二期,37572307.96031205,37572307.96031205,2284877.8513389295,2284877.8513389295,36556218.83,2223086.6099999994
U_ORG_XM_DQBYNKDX,大庆市八一农垦大学基础教学实验楼,75417665.00288557,82792528.51903382,1330103.799024596,1444811.3129437685,74340671.80093041,1309912.5192035395
U_ORG_XM_DQYGLQLHJJGC,大庆豫港龙泉铝合金加工材,30805265.651751842,33577739.56196339,1444882.059378008,1574921.4447729473,29821430.920000013,1397703.2200000002
U_ORG_XM_DTZLDSJ,大同中联绿色大数据产业基地,169678158.60478806,185647087.17974687,53065836.50163171,58365181.63089903,157353384.74800003,49887460.418
U_ORG_XM_DWLZCZF,西大望路政策性住房,30271392.446286455,30271392.446286455,29153.680335718753,29153.680335718753,27521165.34,26505
U_ORG_XM_DXJCZSQAZF,北京大兴国际机场噪声区安置房,729251963.4709094,794884640.1426133,264994426.71231538,288843925.1163569,687765296.4959999,254859586.58999997
U_ORG_XM_DXKAZFJZHZZ,北京东小口安置住房及综合整治,146606389.0643946,159800964.07961833,74422021.8041297,81120003.76634224,145494606.71,73894633.43
U_ORG_XM_DYDWDYMYY,德阳市人民医院城北第五代医院,53876805.060334854,58725717.51605629,53262758.08825107,58056406.31648164,53336438.17,52728549.89
U_ORG_XM_EEDSYSGD,鄂尔多斯源盛光电第5.5代AM-OLED,107664782.09746198,108355484.92334147,6255007.756279173,6295201.253757034,99289688.23,5767901.150000006
U_ORG_XM_ELSTLHFCJ,俄罗斯图拉州哈佛发动机车间,5262500.000000001,6315000,5262500.000000001,6315000,,
U_ORG_XM_FJ6AMOLED,福州第6代AMOLED柔性生产线,7704832.9002805995,8398267.861232022,32861.20864260818,35818.71742012802,7688458.120000001,32791.37000000011
U_ORG_XM_FJJHCCQSCX,福建省晋华集成电路有限公司存储器生产线,1763781399.9034207,1948631668.6148036,87848526.42676538,97028465.816275,1755741233.774447,87435172.05000001
U_ORG_XM_FLBMPEGLFXC,菲律宾梅普尔格罗夫新城第一项目,30522410.714285713,34185100,16580357.142161373,18569999.99922074,,
U_ORG_XM_FLBXGLLDS,菲律宾香格里拉大厦地下结构工程,7351249.999999998,8233399.999999999,7351249.999999998,8233399.999999999,,
U_ORG_XM_FSJHGCEQ,佛山捷和广场二期,294652791.34479356,321248446.22081655,82549679.27013034,89997958.9027147,278041808.5585367,77857946.84
U_ORG_XM_FSJRJRCHY,佛山金融街融辰花园,398796631.0821485,434296204.69066775,101675118.96163431,110788812.87810707,378440598.18113035,96449178.63741
U_ORG_XM_FSJRJSD,佛山金融街顺德陈村,186150750.6148713,202904318.17033637,186150501.11680284,202904046.2174418,182794737.39309287,182794492.39309287
U_ORG_XM_FSJRJSS,佛山金融街三水,504004688.72158706,549390987.8964437,36493095.10647248,39790597.7031669,492126902.53529346,35683554.31068932
U_ORG_XM_FSJXLJHY,佛山建鑫乐家花园,4597491.911307458,5057306.6067096405,1252414.6675931404,1377673.9785405288,4541799.779999999,1237243.4300000002
U_ORG_XM_FSLC,佛山绿城,389750542.60204387,429071405.8972337,-9463503.33639273,-10421930.930272985,386887712.15690696,-9393191.065
U_ORG_XM_FSLQG,佛山国际体育文化演艺中心,416924988.64941764,429432738.3143323,95.57851444775248,98.44586988173404,411393833.65000015,94.17000000178814
U_ORG_XM_FSLSHLYZL,佛山市南海区里水河流域治理,295836475.3875091,322461758.17369354,147219338.95504898,160469079.46154684,295344483.36,146773531.06
U_ORG_XM_FSSDGZSYXX,佛山顺德光正实验学校,156646836.0767327,161346241.15889126,12492556.297183756,12867332.98614848,155050634.74999994,12367969.100000001
U_ORG_XM_FSSDYXQ,佛山市东亚项目西区EPC,233114837.45563197,254106452.3471618,49253696.575346,53696802.10230505,213996686.20999995,46566509.69
U_ORG_XM_FSYCZD,佛山怡翠尊堤嘉园D2区,291918296.5437082,300675845.44246924,8193702.268708135,8439513.336779645,286218977.03000003,7905880.350000001
U_ORG_XM_FSYGBJSQGZ,佛山市原干部家属区部分政府旧物业修缮改造,17411546.036828708,18978590.49666364,13579187.139244493,14801319.296379626,17225472.509999998,13434920.73
U_ORG_XM_GCBS38DK,北京观承别墅03-38地块二标段,186042708.81608212,194430087.09779152,5044404.712958224,5248201.660463288,181677765.82999998,4923728.669999998
U_ORG_XM_GDGSZYXY,广东工商职业学院体育馆·图书馆,256353821.3962553,264044436.0314057,5893715.154832796,6070526.60935234,253762875.18000007,5831861.700000001
U_ORG_XM_GDHYAL,广东阿里巴巴云计算数据中心河源源城区项目,235747753.38496977,259322528.7037378,21387355.209399045,23526090.728637286,234398738.13428998,21267142.909999996
U_ORG_XM_GDHYALEQ,广东阿里巴巴云计算数据中心河源源城区二期项目,153953451.86010516,167809262.52340552,8373207.503596883,9126796.1786964,138472480.9679706,7704527.256477799
U_ORG_XM_GDHYJDEQ,广东阿里巴巴云计算数据中心河源江东二期,93940106.19790438,102394715.73663145,93940106.19790438,102394715.73663145,93256262.61174929,93256262.61174929
U_ORG_XM_GDHYSQ,广东阿里巴巴云计算数据中心河源源城区三期项目,108384953.28010133,118139599.07798603,108384953.28010133,118139599.07798603,107076394.23964581,107076394.23964581
U_ORG_XM_GDHYSQJD,广东阿里巴巴云计算数据中心河源源城区三期机电,92275160.8730114,100579925.34877047,92163405.18382737,100458111.64756021,91769524.80000001,91658626.48
U_ORG_XM_GJNYQXZX,国际农业科技创新中心,506315457.9818417,509459504.40668434,10948203.124884913,10997775.93764092,483621981.76,10475987.659999996
U_ORG_XM_GMDLGZ,北京国贸东楼改造及交通一体化,306300257.2574033,311043567.77841735,13580837.581675375,13784952.75247735,300393022.34000003,13382371.879999999
U_ORG_XM_GMSQB,北京中国国际贸易中心三期B阶段工程,815581568.2297399,819730925.146559,40972926.58999704,41181461.1296382,798254140.8199997,40102100.78
U_ORG_XM_GSQYZDYQ,甘肃庆阳正大一期,72943209.85125136,80019475.22314091,3340369.847925558,3664421.1684155855,71985320.53,3306074.9400000004
U_ORG_XM_GXNNDXCFJF,广西南宁电信东盟信息园动力中心柴发机房,3982490.695703629,4340914.857105798,3980415.9762193086,4338653.412868518,3805280.48,3803298.08
U_ORG_XM_GYHYZCF,中建（天津）工业化建筑公司预制厂房,108943422.03197859,119355710.9828083,3363018.1813933617,3684841.77369222,108251467.57951115,3332609.2199999993
U_ORG_XM_GYSGZFYYYJD,贵阳市贵州妇女儿童国际医院机电,109015362.01350966,119075026.42983319,2972076.9433533754,3245604.833996125,107035076.61,2910638.4999999986
U_ORG_XM_GZALBB,广州阿里巴巴华南运营中心,706749254.8146737,772217622.4859415,33357056.530676723,36490503.926200986,666841746.8220189,31546981.838099997
U_ORG_XM_GZBLSYL,广州保利三元里,367403984.3488187,401035957.48273075,109893575.1229403,119944467.36099716,363223652.1356685,108658851.30891354
U_ORG_XM_GZCSJ,广州超视堺第10.5代TFT-LCD显示器件生产线,2277142982.406569,2504536751.93404,90531387.31661822,99593850.64952235,2269709700.3802996,90235144.16999997
U_ORG_XM_GZCSJFZ,广州超视堺第10.5代TFT-LCD显示器件生产线（发展）,417784849.62276053,459563334.60240626,93569.78787629327,102926.76669441347,416910760.37378985,92996.1799999997
U_ORG_XM_GZKNBLC,广州第10.5代TFT-LCD显示器生产线玻璃工厂建设,176863769.79784492,194583357.1125908,6393934.067821847,7034249.687532033,175225642.20979914,6334692.41
U_ORG_XM_GZLGDDGC,广州LG-Display-D工程,34209725.69875648,34231369.799866796,2406090.9135703123,2407613.21969672,30953152.77,2177044.629999999
U_ORG_XM_GZLGGP3,广州LG Display GP3,446109532.3773362,486259390.2894597,44782971.50385396,48813438.93901644,443472962.95771515,44518297.91
U_ORG_XM_GZWXN,广州维信诺第6代柔性AMOLED模组生产线,552967529.1962658,602276960.0598913,63236875.97790616,68750102.24786806,549546012.7626677,62854320.47169903
U_ORG_XM_GZWXNJD,广州维信诺第6代柔性AMOLED模组生产线机电,57676937.341172434,62867861.69957063,10563133.178034581,11513815.164178468,56868902.96999999,10418067.95
U_ORG_XM_GZYLSQ,广州养老社区项目示范区工程,1653792.359177031,1653792.359177031,0,0,1502957.79,0
U_ORG_XM_GZYXBDT,广州粤芯半导体,411862805.68076396,448651336.4913231,36068567.9143366,39025748.18798074,398515648.8114712,33929437.019999996
U_ORG_XM_HAXJCF,淮安第三园区新建厂房,1412943.749078203,1540108.686507302,1412943.749078203,1540108.686507302,1405245.15,1405245.15
U_ORG_XM_HBGAYG,河北固安第6代有源矩阵AMOLED面板生产线,1281717768.9435196,1413307621.953218,11294157.760172091,12452917.265411511,1277525687.7399993,11257083.459999999
U_ORG_XM_HBGAZSJD,河北固安第6代有源矩阵AMOLED面板生产线装饰机电,66417005.87318579,73722876.52092919,-901158.5558715502,-1000285.9968923473,65927947.59,-891393.2699999996
U_ORG_XM_HBXYZDYQ,湖北襄阳正大一期,58375674.23964378,64408635.73618795,0,0,57955631.04000001,0
U_ORG_XM_HEBHRHLS,哈尔滨华润·欢乐颂,272319575.7112853,280600283.6138698,402208.85705750505,414439.2450214488,267744966.86000013,395452.27999999945
U_ORG_XM_HEBSZCYY,哈尔滨深圳产业园科创总部,514759308.60593665,561087646.3804718,105478939.80675688,114972044.38812232,512417722.98032796,105170463.90109086
U_ORG_XM_HEBZGBY,哈尔滨中国北药智慧产业新城A1地块,113242674.95309356,123434512.88279636,75275716.52050695,82050528.19127275,109761602.32489999,73604804.2849
U_ORG_XM_HFCX,合肥长鑫12吋存储器晶圆制造基地项目一期改扩建,54622544.35259934,59538573.343392916,169485.238253696,184738.90968598134,53177894.99367821,163583.89000000022
U_ORG_XM_HFDC,合肥鼎材新型显示配套高端电子材料生产基地,44692841.589693815,48715197.33041941,44532734.508125156,48540680.611517966,44399372.07,44240316.309999995
U_ORG_XM_HFJDFSDWD,合肥京东方第10.5代薄膜晶体管液晶显示器件（TFT-LCD）,3274196682.460107,3589254702.1299853,-45596553.75744159,-50438133.06831569,3260730841.400001,-45331081.07999999
U_ORG_XM_HFSY,合肥视涯OLED微型显示器件厂,84691596.72717346,92939261.80884317,2451363.8525279225,2692963.504749548,82552431.25,2385142.4699999997
U_ORG_XM_HFV3,合肥维信诺第六代AMOLED生产线,1311883733.64621,1438013249.7237072,80682756.00386393,88406532.14797428,1305048309.1747525,80264176.03852835
U_ORG_XM_HFV3FZ,合肥维信诺第六代AMOLED生产线（发展）,28570524.12085934,31141871.2919909,2334556.92103442,2544667.043948291,28428382.210000005,2322942.21
U_ORG_XM_HFYJCLCJ,合肥邮件处理车间,109721143.34012344,120527139.14145201,4239421.669634845,4656206.187978496,108217062.17114025,4199435.140000001
U_ORG_XM_HFZJCF,合肥整机智能制造生产线,471094572.52290773,521226500.737793,6139867.657344408,6794340.074579845,457529730.84000003,5940181.550000001
U_ORG_XM_HHHTKDJD,呼和浩特凯德广场·诺和木勒改造项目机电,52000316.74547883,56295417.75211475,5715929.614473747,6230363.280021057,50839717.35,5576922.08
U_ORG_XM_HJDYH,北京花家地一号,12688615.685530236,13830591.097401895,6797220.639872285,7408970.497641977,12463834.809999999,6688270.08
U_ORG_XM_HJJYSSZYYZX,上海黄金交易所深圳运营中心,193778531.9356616,199567948.55287308,4529600.836461459,4667342.459477728,185026341.80565995,4319519.3500000015
U_ORG_XM_HKKGBSQ,海口空港综合保税区监管设施,51125388.354608536,55726673.30318824,41271610.57536535,44986055.52486038,50833611.059999995,41041642.04
U_ORG_XM_HKT,海口塔,77864205.28033465,86429267.86013211,510737.6524626615,566918.7942267368,77450018.3,508020.8600000002
U_ORG_XM_HKYSDEQ,北京鸿坤云时代二期,329582947.29463404,361996831.20763206,4182275.5386840757,4506349.827714836,317602078.2664484,4319798.199999998
U_ORG_XM_HNAYZZC,河南安阳内黄正大一期,25310136.306814548,31932379.761892848,685541.1421880536,877279.0529799387,24417957.810000002,659360.8500000001
U_ORG_XM_HNTZDS,北京湖南投资大厦,20716313.28228694,22580781.52138726,19902908.936810955,21694170.78316278,19464446.25,18698506.62
U_ORG_XM_HNWYBWH,河南舞阳北外环,21790245.71084806,23751367.8245987,17642400.23964268,19230216.261027794,18791999.97,15214880.509999998
U_ORG_XM_HNXYSWBG,河南新乡中蓝商务地块自持办公,133878956.28949301,145928062.35483202,69103915.30456726,75323267.68158427,108518265.55999999,55994766.93
U_ORG_XM_HNYGDSJ,淮南云谷大数据产业园(B地块),18934415.459335532,20638512.851143125,18775858.802200295,20465686.094861805,18810531.050734,18653011.800734
U_ORG_XM_HSQY,呼和浩特群众艺术馆,2345054.8234176817,2556109.7546299486,-49093.34926951152,-53511.75064315441,2266950.61,-47458.25
U_ORG_XM_HTDXJSSS,北京航天工程大学军事设施建设,227757855.65194905,247955159.7963256,94408895.55045739,102745400.5437099,226978805.46080005,94029347.32000001
U_ORG_XM_HXGDAZB,华星光电第8.5代TFT-LCD A标段施工总承包,43784777.91396421,43784777.91396421,33210.600265346475,33210.600265346475,39637849.99,30065.170000001788
U_ORG_XM_HZALYZB,杭州阿里云计算公司总部,1833159771.2714663,2001896552.4301298,386309288.72043717,421240576.39033324,1793995563.743536,382984684.73
U_ORG_XM_HZCNYG,杭州菜鸟西湖云谷产业园,148259026.1355193,161602338.48759267,132332570.06507522,144242501.3708219,142517569.22000003,127207878.71000002
U_ORG_XM_HZDTSHX,杭州地铁3号线一期工程星桥车辆段,206254720.3119566,224817645.14049113,77016107.79074627,83947557.49128148,205223446.43240705,76631027.1573585
U_ORG_XM_HZHKGD,杭州海康高端安防产品及红外传感芯片研发、产业化,198248268.20255983,216090612.34180707,103482921.29460533,112796384.21063617,196829815.9859799,102724059.87597999
U_ORG_XM_HZHKWSSQ,杭州海康威视智能安检产品产业化基地,18248630.126409434,19891006.835391294,18248630.126409434,19891006.835391294,18111537.060000002,18111537.060000002
U_ORG_XM_HZHPDX,杭州湖畔大学,154921917.24544063,170879182.9193808,487715.82407909294,538459.8674565272,151045057.3662258,477298.7400000021
U_ORG_XM_HZLXYTC,杭州理想银泰城,1084815335.4390073,1106391423.3482428,5931410.743163822,6049381.641475357,1178969139.3199995,6471835.969999996
U_ORG_XM_HZRHALY,杭州仁和阿里云计算数据中心,487616538.07239467,534062223.2276379,23054099.125375897,25233102.534154564,473260465.03996664,22386826.85
U_ORG_XM_HZZX,杭州中芯晶圆半导体股份有限公司半导体大硅片（200mm、300mm）,723441668.9018598,794823032.2396309,39231117.88842184,43102757.06487232,715592030.2651901,38789169.400000006
U_ORG_XM_JCGJD,晋城光机电产业园一期项目EPC总承包,139429240.56556267,151910604.6916232,139118572.3842374,151571976.37397918,138287593.555145,137979482.835145
U_ORG_XM_JJHCZGCGZ,九江火车站广场及滨江路改造,98860850.19402736,107186242.54094553,-451607.80726673536,-489323.6507923337,98437238.15000004,-449694.5899999999
U_ORG_XM_JJXJKSLYQ,九江新建快速路一期,175793936.61801672,191473561.21965066,104152366.76657209,113384250.08123681,170400952.8848543,101010013.8048543
U_ORG_XM_JL43015GC,吉林省43015-3EPC,214607602.31443906,234213325.50586557,124294188.93280956,135750354.96200898,213985419.44570002,123769871.05999999
U_ORG_XM_JLMHKKMWLY,吉林梅河口康美医疗健康中心物流园,21244861.741479248,23367396.722909033,742.6487793074162,816.825307414279,20655974.82,719.4399999999441
U_ORG_XM_JLMHKKMYLY,吉林梅河口康美医疗健康中心医疗园,90720334.03269589,100655024.22943224,-790547.9562532336,-877508.2284673023,88819123.98200001,-770425.5499999997
U_ORG_XM_JLMHKKMYYY,吉林梅河口康美医疗健康中心医养园,181683845.16329136,201669067.48284388,-2343468.1763493,-2601249.6665218007,178556116.90520003,-2293369.28
U_ORG_XM_JMHFSJ,江门华发四季,401408673.8044229,437544257.6146641,66510406.97927229,72567054.30145572,386902217.8512262,64322913.147257
U_ORG_XM_JRJHZQ,广州金融街海珠区石岗路,416578277.35805947,448769637.2293353,2495933.2264215015,2728518.182510491,406905550.3700001,2424547.3300000015
U_ORG_XM_JSXHLZX,嘉兴市嘉善县健康护理中心,78264574.00729941,85308385.67069009,34000252.70771592,37060275.45258962,76723347.87,33331900.460000005
U_ORG_XM_JSZJLXCF,江苏镇江力信锂电池研发及产业化工程,189430323.21201116,210267658.82097083,18588.91532821951,20633.696020047562,187771998.98849005,18426.649999999994
U_ORG_XM_JXGQGC,嘉兴港区滨海中央广场项目二期EPC,382366.4645733149,416779.44640040956,382366.4645733149,416779.44640040956,353316.05,353316.05
U_ORG_XM_JXSWZX,北京京西商务中心（西区）商业金融用地,36028488.32827828,36420522.44776037,0,0,34989447.03,0
U_ORG_XM_JXWHZX,嘉兴市文化艺术中心,809036702.2054424,881850005.4064279,302148213.71866167,329341552.95412976,790678354.1200002,296415760.39000005
U_ORG_XM_JXWLCC,嘉兴综合保税区物流仓储,191944877.51161638,209219916.48349932,146544319.47630277,159733308.2261411,172153396.97000003,131556382.17000002
U_ORG_XM_JXYL,北京绿城西山燕庐,261158216.8019264,284228206.3044471,32474031.58010273,35395018.3724954,256728131.6537282,31891971.130000006
U_ORG_XM_JYWKC,金隅万科城A1地块综合体,50113872.16055231,50121103.58968068,131282.36775578966,131301.33800690804,45183218.739999995,118359.88999999315
U_ORG_XM_KSLFGD,昆山龙飞光电有限公司厂房一期土建工程,154138981.24342966,154138981.24342966,0,0,140270066.58,0
U_ORG_XM_KSYDGJ,昆山友达L6K厂房改建,5660901.114542889,5727922.4392563,17451.842315578284,17658.46058482782,5574506.94,17185.5
U_ORG_XM_LFYQWK,廊坊永清紫晶翡丽,41138276.08518586,45367488.951805726,1061975.0302019524,1171073.705228027,36465563.07239407,940234.7100000002
U_ORG_XM_LGYZZSPF,北京来广营北路自住型商品房,900462680.2111676,914734162.7341676,5891087.452160964,5896968.494159044,883242325.6899998,5603152.279999999
U_ORG_XM_LNTSLGC,辽宁天士力现代中药示范工厂,141403085.6657727,156198961.5579933,16140639.47845051,17821651.161372256,141050714.24,16083902.92
U_ORG_XM_LNTSLSRGZ,辽宁天士力参茸厂区改造,29833869.19811959,33008345.728738755,2523192.482182201,2791698.7421598444,29616158.39,2512235.4400000004
U_ORG_XM_LXHGZ,北京利星行中心改造,54070157.554697365,59210093.3298582,13213465.970831502,14754799.38533162,52537154.28,12776662.04
U_ORG_XM_LXHZX,北京利星行中心(文化交流中心),1840027206.8936093,1869679765.370635,635035.2838527008,645136.9822547683,1596424143.8099997,507218.92999999225
U_ORG_XM_LXHZXEQ,北京利星行中心二期,54351274.64714833,59465188.08941941,6801982.560432117,7434432.722697152,52993820.13000001,6595332.31
U_ORG_XM_LXZBEQ,北京联想总部园区二期,911112548.9265425,938445925.4128168,13664593.086841652,14074530.87973335,901969986.5599998,13468638.620000001
U_ORG_XM_LYSTYLJLH,洛阳隋唐园立交亮化,4508044.806956865,4913768.842433895,2757557.723153364,3005737.919981061,4421604.66,2704682.54
U_ORG_XM_LYSTYLJLHJT,洛阳隋唐园立交亮化(集团),40632361.27387804,44289273.79253276,6774527.878979522,7384235.3887555385,40429199.47,6740655.24
U_ORG_XM_LYZDYQ,洛阳正大一期,29392647.96639925,32620368.921879083,600010.7932816735,665888.0254706781,28781912.020000003,586775.25
U_ORG_XM_LZSOHOJD,北京丽泽soho机电,79923115.59137475,82320703.92822134,9228462.959710095,9505316.848698312,78677408.46,9084618.89
U_ORG_XM_MSKHMY,莫斯科中国贸易中心项目,1523450166.6666667,1828140200,30475000,36570000,,
U_ORG_XM_MYJDF,绵阳京东方第6代AMOLED柔性生产线,3180021914.6578093,3509068927.0397773,86575229.30091797,95242807.29063553,3168426880.6194673,86462084.32999998
U_ORG_XM_MYWSCLC,绵阳永兴污水处理厂扩建,163174835.5617146,181124067.47126392,2158093.8699030345,2395484.195540658,158881951.601,2098707.4599999995
U_ORG_XM_MYZXXZ,绵阳市中心血站迁建,900781.9529931471,981852.3286852579,900781.9529931471,981852.3286852579,891194.93,891194.93
U_ORG_XM_MYZZ,北京密云项目住宅,317269447.1675471,320247372.26017654,-612833.8384321354,-620129.0132923257,313455075.65,-604024
U_ORG_XM_NCGXWDZ,南昌高新微电子科技园,164231652.1388483,179012500.83183935,8388122.24152288,9143053.243198985,153822363.27569202,7860364.555692
U_ORG_XM_NCJKQJD,南昌经开区LED电子信息孵化示范基地机电,119910910.3337039,131042571.10336843,4136516.657047883,4514852.7510215845,119023467.28000003,4103459.3399999994
U_ORG_XM_NCSSMZXJD,南昌市市民中心建设工程机电,195428307.80971017,213016855.5077663,112785296.61442287,122935973.30662096,189061910.34999996,109928590.67999999
U_ORG_XM_NJHSXFDJC,南京华夏幸福大校场项目G地块,113199929.00803965,123387922.61882845,87851460.61873406,95758092.07447073,112801322.48532699,87542112.67532699
U_ORG_XM_NJHXC,南京海峡城E地块住宅,387119557.05995953,387203119.90587765,0,0,376704562.7499999,0
U_ORG_XM_NJKGZNGGW,南京空港智能骨干网,482847310.0383763,531113173.1294221,5833695.165096372,6417064.681782378,465146158.0251277,5590673.948275863
U_ORG_XM_NJTJD,南京台积电12吋晶圆厂与设计服务中心一期,1126907785.0247788,1250182671.6373532,0,0,1067399338.7199994,0
U_ORG_XM_NJTS,南京腾讯华东云计算基地,171851325.09045482,187317944.3490488,42699689.48083338,46542661.534289144,170275967.04999998,42377482.510000005
U_ORG_XM_NJYZJG29DK,南京燕子矶G29B地块,512628107.47021693,558912776.0766943,146191266.23703635,159535991.47212836,485180731.1887836,141142452.5493233
U_ORG_XM_NJZGJCDLJD,南京紫光集成电路基地,19609550.626591854,21470568.66103671,36719.39605850412,40204.200967094526,18869685.888761062,35333.97999999998
U_ORG_XM_NTALYJS,南通阿里云计算数据中心,548503604.381183,601369420.2850711,60112869.66043648,65812417.76669814,536800829.49536526,59167859.66590001
U_ORG_XM_NTJH,南通江海阿里云计算数据中心,148774968.76828715,162164715.95824003,148774968.76828715,162164715.95824003,147284566.47403672,147284566.47403672
U_ORG_XM_NTJSY,南通金属园阿里云计算数据中心,116764361.88246296,127273154.4525936,116764361.88246296,127273154.4525936,114995656.99999999,114995656.99999999
U_ORG_XM_NTRCGSD1,通锡高速公路海门至通州段TXGS-LJ3项目部第1分部,28250900.124364227,30793481.13569732,28250900.124364227,30793481.13569732,27940140.219883256,27940140.219883256
U_ORG_XM_NTRCGSD2,通锡高速公路海门至通州段TXGS-LJ3项目部第2分部,30198585.434755355,32916458.123607084,30198585.434755355,32916458.123607084,29896599.58,29896599.58
U_ORG_XM_NTRCGSD3,通锡高速公路海门至通州段TXGS-LJ3项目部第3分部,17837783.80803453,19443184.35080345,17837783.80803453,19443184.35080345,17659405.97,17659405.97
U_ORG_XM_NTRCGSZHB,通锡高速公路海门至通州段TXGS-LJ3,21477442.83060791,23410412.68493388,21477442.83060791,23410412.68493388,21241190.96,21241190.96
U_ORG_XM_PAGJJRZX,深圳平安国际金融中心（局集团）,2310409666.677062,2325701553.8706303,48969880.04947295,49215573.81492006,2308904302.24,48971919.28999999
U_ORG_XM_PAJRZXNT,深圳平安金融中心南塔,1449334316.1543155,1490116349.948271,-1407021.7410533929,-1443412.0685987815,1444358980.0333784,-1394335.5100000037
U_ORG_XM_PJZW,盘锦忠旺铝业一期一标段A区,441147628.9597217,454538997.2837699,1571100.026583691,1618901.6671384783,427498357.19,1501075.2799999986
U_ORG_XM_QBJZHDD,成都青白江区智慧大道,126830159.14994688,139923895.72111517,58879.164531781884,64953.18350980324,123191268.28999998,57073.38000000075
U_ORG_XM_QDHFSJ,青岛华发四季,283300789.2491339,308787077.08916867,55329237.7289472,60293423.843480825,266994568.7145121,52182407.34784106
U_ORG_XM_QDHNJD,青岛华能信息产业基地机电,79516020.54408205,87009436.22480129,135945.92445592617,149540.51690342496,78965445.30000001,134923.7399999999
U_ORG_XM_QDTKZJ,青岛泰康之家养老,28401.096774741603,30957.195483505602,28401.096774741603,30957.195483505602,26413.02,26413.02
U_ORG_XM_QDWKFCZJ,青岛万科翡翠长江,305262931.1044625,332736594.90428567,24094230.52079579,26262711.267680954,293623805.3688869,23172790.09
U_ORG_XM_QDYGYH,青岛阳光·壹号,12327271.370279402,13436725.793642424,12327271.370279402,13436725.793642424,11307299.280000001,11307299.280000001
U_ORG_XM_QHBT,北京清华大学北体育馆,208571922.52044907,227579120.1535203,59795391.78791757,65457781.22657095,204419905.17000002,59042991.05
U_ORG_XM_QHDLDBDT,秦皇岛礼鼎高端集成电路封装载板智能制造基地,2118644.164938909,2309322.1397238043,2118644.164938909,2309322.1397238043,2105932.3,2105932.3
U_ORG_XM_QZSABDT,泉州三安半导体研发与产业化,556809864.5197741,608879019.6646165,25639287.760991294,28006190.818608653,536399853.887969,24527871.98
U_ORG_XM_RHALYEQ,杭州仁和阿里云计算数据中心二期,101353359.2006699,110475161.91917023,80270786.92131329,87495158.05345586,100167389.06990002,79331511.1399
U_ORG_XM_RJZX,北京如家北纬路店装修,899096.8202775454,980015.5341428075,350768.95679888997,382338.16292650584,896399.53,349716.65
U_ORG_XM_SCGAFY,四川广安富盈洋房及商业,136188549.68640587,140274206.17427337,11441489.433267998,11784734.115928438,133982619.90999997,11255581.159999998
U_ORG_XM_SCGCCYY,四川国际创新设计产业园A地块,234901628.39118007,256042774.94514045,163434586.96474928,178143699.79071975,234141058.33477005,162905960.06477
U_ORG_XM_SCTKXNYY,四川泰康西南医院,210285613.89267644,229211319.13900477,210285613.89267644,229211319.13900477,186690373.24593696,186690373.24593696
U_ORG_XM_SDBZZYY,山东滨州中医医院新院,393794843.6077688,433174327.9627541,72904975.81481245,80195473.39533311,384749992.72589123,71412429.264
U_ORG_XM_SDJCGZ,北京首都机场2号航站楼改造,236775396.37240195,238274452.5378366,145937.06765642017,147079.1864529639,212387743.4,156587.98
U_ORG_XM_SDRCGEJD,山东荣成歌尔电子4#厂房、2#动力中心机电,30758977.642550424,33355888.565959044,29151713.012627475,31614462.43068084,30468913.700000003,28879405.74
U_ORG_XM_SDYKDKYL,北京首都医科大学临床科研楼改造,3295557.93243804,3815095.4227326857,30810.01650124433,35667.14812421999,3265398.78,30528.05999999959
U_ORG_XM_SHGBSH,上海古北SOHO机电工程,139313710.71646357,143251827.33140314,1905856.965894165,1944487.583438966,138499075.22000003,1893404.7399999993
U_ORG_XM_SHGKBDT,上海格科半导体,139967853.56354055,152564960.38648888,139967853.56354055,152564960.38648888,138067412.49,138067412.49
U_ORG_XM_SHPDAZF1101,上海浦东新区安置房11-01地块,419619916.9843297,458914358.1900359,115358555.77532664,126111949.08176996,403681631.3055001,111569244.38999999
U_ORG_XM_SHTKSYGZ,上海泰康申园一期改造,23206979.157511044,25597671.48141924,4422956.852818171,4876858.363353729,22939835.26,4382223.85
U_ORG_XM_SHTXGKJCF,上海腾讯改扩建厂房,48412779.288659945,53715396.41990141,1047456.0655866325,1162593.8349619305,48033567.607999995,1039325.25
U_ORG_XM_SHWDNZJD,上海万科南站商务城三期机电,10751424.507785013,11719052.721635085,9492855.143671978,10347212.113797903,9441347.14,8336136.359999999
U_ORG_XM_SHWKXMJD,上海万科莘闵综合机电,17122974.21703188,19006501.380584873,1560014.5499598705,1731616.150397207,16041151,1463344.43
U_ORG_XM_SHXYDJD,上海商汤科技新一代人工智能计算和赋能平台机电,22892287.091254525,24952592.929443944,22892287.091254525,24952592.929443944,21662329.259999998,21662329.259999998
U_ORG_XM_SJZXJD,北京数据港1号数据中心机电,90717765.84817241,98882365.01207717,88193401.86591536,96130808.26764382,89791546.07,87296696.03
U_ORG_XM_SKWKZX,北京首开万科中心,509781213.6729055,522388207.61198366,11698057.4055864,11970491.245310994,497257400.15,11350310.379999999
U_ORG_XM_SMDLGZ,北京生命科学实验室改造,81472336.17383114,88785619.7003572,-2836992.5009839484,-3229700.373023942,79525992.19,-2722368.58
U_ORG_XM_SMKYDL,北京生命科学科研大楼,133678929.09341331,133780864.88662554,16809248.833074134,16810397.532439858,129863456.28999999,16329121.92
U_ORG_XM_SRHXLIVEXJYQ,上饶华熙Live·信江一期,84433016.04889174,92876317.653041,5959051.650249142,6554956.814852483,78518098.73383163,5624495.61796117
U_ORG_XM_SXDTZDYQ,山西大同正大一期,234155148.1909636,255246529.96138343,37188338.3448455,40889602.47562784,230835969.80999997,36636863.2
U_ORG_XM_SXQQJD,绍兴钱清B地块商业机电,1563703.0067201012,1704436.277522719,1563703.0067201012,1704436.277522719,1555016.03,1555016.03
U_ORG_XM_SXWNZDYQ,陕西渭南澄城正大一期,91499806.94387963,100333764.30588512,1910477.3608966428,2094926.6631666848,89712904.40670002,1873167.59
U_ORG_XM_SYHTWWLJD,三亚海棠湾国际购物中心物流基地,58473091.05082843,63723062.316463925,2944704.096080547,3206184.016173495,57518920.23368931,2894012.21
U_ORG_XM_SYHXD,三亚海棠湾河心岛,249860236.98248163,274846260.67413646,1407276.091166453,1548003.700271152,244628909.3113,1377509.7999999993
U_ORG_XM_SYJLDK,沈阳市沈河区金廊22-1地块,93346989.80817881,101748218.89081788,93346989.80817881,101748218.89081788,92413519.91000001,92413519.91000001
U_ORG_XM_SYJLSY,沈阳嘉里A2地块商业,311659303.181567,311659303.2187786,573613.3656634211,573613.3657296823,304848589.9200001,561293.840000003
U_ORG_XM_SYJLZX,沈阳嘉里中心T1及T4楼,20645583.80730477,22009575.93572554,429554.2022858228,457933.5669052249,19537475.33,406498.77999999747
U_ORG_XM_SYJLZXBDK,沈阳嘉里中心B地块3a1、3a2期,253478330.28127575,276291379.9917983,147354645.38858628,160616563.4649598,247291474.21100003,143758038.20999998
U_ORG_XM_SYJLZXT,沈阳嘉里中心A2地块T2办公楼总承包工程,187189664.7970689,198470563.1901159,11373208.912435846,11722181.421471713,182665952.24,11091698.700000001
U_ORG_XM_SYJYJD,三亚海棠湾君悦酒店,628961379.329429,631484179.09248,104649.85013332244,105069.60661725972,579801710.7600001,96470.41000000387
U_ORG_XM_SYLCQYCSQ,沈阳绿城全运村四期,232388285.04851335,252220132.85821667,2004590.6922302763,2173801.1628064793,227492387.415878,1964862.5964999988
U_ORG_XM_SYSKRY,沈阳首开如院,166081729.76900652,181029085.44977808,58803311.97566054,64095610.05391878,157007380.067129,56010178.02776698
U_ORG_XM_SYSNYG,沈阳苏宁电子商务运营中心(一期),110671372.32183129,120631795.83084537,71452985.04129876,77883753.69478106,109977333.29155341,70987817.90155339
U_ORG_XM_SYTK,沈阳泰康之家沈园,223789751.08613467,246168726.19769892,16278626.214707598,17906488.836393,214756692.69000003,15621555.1
U_ORG_XM_SYXCD13JQ,北京顺义新城第13街区居住区,50117086.45230108,54627624.23331637,49554310.65595115,54014198.61528779,49783323.11016182,49225049.520161815
U_ORG_XM_SYZHHPZM,沈阳中海和平之门5.1期,61082870.76859743,67191157.847854,1405523.2454000069,1546075.5700332848,61012524.055099994,1403927.6999999993
U_ORG_XM_SYZJCLY,沈阳中集车辆园,136621.33605759623,136621.33605759623,0,0,127286.19,0
U_ORG_XM_SZDSDS,深圳达实大厦改扩建,208913097.90052834,230577360.57456586,18603788.001944575,20532974.40793894,205811115.37999997,18331518.65
U_ORG_XM_SZDXXLXQ,深圳大学西丽校区,422126145.3108907,434145116.08635163,70419505.33935145,72264270.85537408,419836393.20000005,70075116.7
U_ORG_XM_SZGJYSBLJYZB,深圳至正大厦,55846684.30398244,60872885.888095185,37819106.03238812,41222825.573105104,54147097.724272005,36668154.17427201
U_ORG_XM_SZGMQJRJ,深圳光明区金融街,319364194.6385872,348106972.15303695,71061692.54119761,77457244.8678413,290333240.7047524,64637710.75887767
U_ORG_XM_SZHXDZQZ,深圳华星光电第11代大宗气体站,61582995.87598112,67659864.12907311,7925513.311129166,8242915.621927516,61156190.483689316,7903220.74
U_ORG_XM_SZJCBZZ,深圳机场调蓄池泵闸站,107669656.15856798,110836181.42321937,69870845.64289165,71926849.02268305,105935693.78213589,68748448.77213591
U_ORG_XM_SZJCKFQ,深圳机场开发区西区,310353521.29136366,338285338.2104768,28107822.372213382,30637526.38589628,302881149.5590056,27449492.299999997
U_ORG_XM_SZJLSWZX,深圳嘉里商务中心,530710914.15240616,583782005.5637245,278843824.52893215,306728206.9792515,501370285.4179244,270161238.94792455
U_ORG_XM_SZJLSWZXYQ,深圳嘉里商务中心（一期）,6693250.875986915,6894048.39918074,6693250.875986915,6894048.39918074,6677240.67,6677240.67
U_ORG_XM_SZJSDX,深圳技术大学建设项目（一期）,1266052779.553062,1304034362.9450088,11445152.393251833,11788506.964963116,1262045896.7358778,11390756.940000001
U_ORG_XM_SZLDBDT,深圳礼鼎高端集成电路载板及先进封装基地,118136756.79177074,128769064.90350354,118136756.79177074,128769064.90350354,117359769.09,117359769.09
U_ORG_XM_SZLHTJWQJD,苏州龙湖天街五期机电总包,35253644.65201126,39087559.77153896,3891238.376850336,4314277.429577917,34095385.3,3759650.0299999993
U_ORG_XM_SZLXCXY,深圳联想创新科技园综合机电,6894562.155105332,7515072.748804675,6894562.155105332,7515072.748804675,6814010.619999999,6814010.619999999
U_ORG_XM_SZNSZD,深圳南山中国电子科技园,33563239.56029234,36583931.120460324,33563239.56029234,36583931.120460324,32917614.49,32917614.49
U_ORG_XM_SZPACXDS,深圳平安财险大厦,108665285.469347,118872028.74987762,11206527.394480668,12259137.22923754,107250967.69735849,11060670.409999998
U_ORG_XM_SZPDSDDSJD,深圳鹏鼎时代大厦机电,106710621.63094273,116314577.57484469,43730931.22067274,47666715.029783204,102468045.01000002,41758423.67000001
U_ORG_XM_SZQHJLSQ,深圳嘉里商务中心(三期),4151080.460287874,4524677.701668427,4151080.460287874,4524677.701668427,4147600.29,4147600.29
U_ORG_XM_SZQHSDYXZ,深圳前海十单元3小镇,17841.08646576175,19446.784249322813,17841.08646576175,19446.784249322813,17694.27,17694.27
U_ORG_XM_SZQWXXSNZX,深圳前湾信息枢纽中心,216372452.14490235,235845972.8400203,61947311.619172715,67522569.66549537,205419079.24000004,58813621.85999999
U_ORG_XM_SZRYJD,深圳柔宇国际柔性显示产业园机电,52868417.83446856,58559428.113887355,624696.6522535672,692379.3614252347,52238884.92000001,618844.4800000002
U_ORG_XM_SZSCSWDS,深圳首创商务大厦,114296807.22847818,124628041.15096065,2821175.8070049156,3079323.761579381,112318327.61926328,2774758.369999999
U_ORG_XM_SZSCZX,深圳市创新创业无障碍服务中心,1064144.8424990484,1159917.8783442427,1064144.8424990484,1159917.8783442427,966804.92,966804.92
U_ORG_XM_SZSMYF,深圳水木一方大厦,110009577.2687479,120781934.36945653,1154596.0390978493,1258509.6826166557,108013031.42999998,1142023.8699999999
U_ORG_XM_SZSSGL,深圳石厦村综合管廊,48968996.464946434,54298940.52802625,4121832.779336068,4571507.98425185,48250279.00924528,4066747.4800000004
U_ORG_XM_SZTK,苏州泰康之家31703地块,45182307.810964376,49519247.80319168,130792.08342131482,143339.35601865532,44366364.54,128237.22999999982
U_ORG_XM_SZWXGY,苏州文星公寓扩建项目（二标段）,79580902.2507145,86743183.45343909,79580902.2507145,86743183.45343909,77484641.00000001,77484641.00000001
U_ORG_XM_SZXGDX,深圳香港中文大学二期II标,62308497.7664029,64177752.69960434,62308497.7664029,64177752.69960434,58569987.9,58569987.9
U_ORG_XM_SZXMGJZB,深圳小米国际总部,32175.16583231386,35070.93076030733,32175.16583231386,35070.93076030733,32014.29,32014.29
U_ORG_XM_SZYBXQ,深圳职业技术学院北校区,165905032.40578675,170882183.37852803,101965716.44384524,105024687.93751489,164470445.28,101083641.11
U_ORG_XM_SZYCC,深圳悦彩城,3503652.197959206,3889053.9409231404,-2160.1653185545083,-2397.7835043282216,3252924.5400000005,-2005.579999999958
U_ORG_XM_SZYCGSHLZ,苏州虞城(姑苏)±800千伏换流站土建C包,76921884.38910538,83844853.98595056,76921884.38910538,83844853.98595056,75858177.15240875,75858177.15240875
U_ORG_XM_SZYHDSJD,深圳宇宏大厦机电,36963089.669961736,40289767.7429457,16223722.249241747,17683857.25285305,35308819.510000005,15497635.23
U_ORG_XM_SZYLXDXQ,深圳职业技术学院留仙洞校区,374081595.32134885,385304043.18772084,115481231.41381097,118945668.35940324,347582117.742059,108906922.95051482
U_ORG_XM_SZYXSGYCJ,深圳职业技术学院学生公寓拆建,227628507.51863238,234457362.74456716,6978867.7641874775,7188233.7971244985,226902993.04000002,6954913.3500000015
U_ORG_XM_TH008,北京台湖公园里008地块,121780637.30965747,134238205.01197767,6533082.844457635,7202091.450240969,114543046.53000002,6167085.270000004
U_ORG_XM_TJDTQHX,天津地铁7号线一期工程PPP项目土建10标段,90387673.48587655,98522564.09937693,42653449.360451154,46492259.80278392,88919357.05999999,41960558.86
U_ORG_XM_TJDYC,天津大悦城B地块办公楼,441360879.83190227,441464322.04354894,3699.2184044707747,3700.9990345003766,416737656.56,3275.359999999404
U_ORG_XM_TJJHS,天津金海墅,4084154.0777786607,4451727.944869626,495746.7854920895,540363.9961974096,4052153.1700000004,491862.42000000004
U_ORG_XM_TJJLZX,天津嘉里中心,193326977.33770084,193584500.51839575,7859546.686367865,7870016.076048323,166757907.8,6779403.370000027
U_ORG_XM_TJJRJ,天津金融街（和平）中心,1170479730.6295524,1176735649.0726798,6116535.603450341,6150135.96773931,1089947442.8500001,5308689.68
U_ORG_XM_TJJRJBHRY,天津金融街滨海融御,158135603.48848203,172367807.8017175,148942981.02111638,162347849.312327,156838981.63000005,147726035.93000004
U_ORG_XM_TJJRJDLH,天津金融街东丽湖一期及展示区,740361647.9576406,821661408.4518073,78205172.07749262,86781782.61764812,703962517.21175,75042070.41175
U_ORG_XM_TJJTDS,天津金唐大厦,436916273.549827,441809833.97999805,600979.9681551413,601723.7376392562,416566313.26000005,571658.97
U_ORG_XM_TJLWL,天津中粮大道一期E地块(祥云名苑),457077237.4716413,457906564.2634061,2769582.4656541906,2778369.8407460335,439696601.69000006,2620940.549999997
U_ORG_XM_TJNKXX,天津海河教育园区南开学校,259199053.4542945,265477398.0486256,19905563.27378663,20305405.339352407,254716158.16000003,19509987.49
U_ORG_XM_TJQYCDJXM,天津全运村代建东区小学幼儿园邻里中心,92960151.1734526,102256166.29542296,4539549.5190372,4993504.471602842,90178161.29351999,4406945.91
U_ORG_XM_TJSCZBZ,天津首创中北镇,208655297.41081935,227827326.18689966,38009997.88360947,41519892.00072442,201025074.1,36706176.61000001
U_ORG_XM_TJSYQ,天津天碱商业区14#地,413957686.0450228,415942522.3512508,7246808.064324416,7279119.850081148,406706464.73,7241587.479999997
U_ORG_XM_TJTHC,天津天河城购物中心,727671177.4220691,741142350.6045291,43127329.654747024,44126039.75668758,720278382.2499999,42889351.730000004
U_ORG_XM_TJTYHHYQ,天津天阅海河一期,134429315.1061557,146984433.57950002,-930916.3002724287,-1017859.8693106117,130491295.3596,-903645.7099999982
U_ORG_XM_TJWQDK,天津武清080地块,211859387.0212616,230926731.84668252,91578311.98188932,99820360.06053123,209296190.22448653,90379943.06606425
U_ORG_XM_TJZBZJGQ,天津中北镇居住区G区,264674422.98902744,289986670.95521814,22936653.4629061,25166581.37258604,256731094.24652746,22477701.660000008
U_ORG_XM_TJZLDDDDKJZ,天津中粮大道一期D地块精装,9097180.737313747,9581393.646304889,-366.1565562809952,-385.645861416572,8024953.609999999,-323
U_ORG_XM_TJZX,天津中芯P3厂房,102884542.52605893,112144151.35360582,102884542.52605893,112144151.35360582,102371675.75,102371675.75
U_ORG_XM_TKSJYLSQ,上海泰康松江养老社区08地块,792049282.9894702,797879955.4340268,27831297.609394662,28014669.811642576,766097601.52,27003479.570000004
U_ORG_XM_TRDERMYYJD,铜仁第二人民医院机电,8411307.215292318,9222279.377550691,-368488.3853565423,-404016.0167925208,8323008.41,-364620.13
U_ORG_XM_TSXSW,唐山橡树湾,77211266.7582652,77273159.31363003,-2490.4093339626943,-2492.405646211605,75180251.78,-2424.9000000059605
U_ORG_XM_TTTGHHY,天津天通泰观湖花园,345372193.65903944,350101056.55836225,429.6610277619547,431.4968641266857,337563976.93,415.64000000059605
U_ORG_XM_TXBHDAJDJT,深圳腾讯滨海大厦项目机电专业分包（局集团）,169730.21773659257,173279.7208256218,0,0,169496.31,0
U_ORG_XM_TZHXQ,北京通州核心区运河项目Ⅱ-05地块,38113846.61473807,41638019.59792076,30488561.417152993,33307667.17492473,37150187.28,29717697.56000001
U_ORG_XM_TZWKZX,北京天竺万科中心,111957300.56474477,113169568.79683113,-126132.67912288751,-127340.44709210383,109168286.10000002,-123073.50999999791
U_ORG_XM_WFBSQCFJD,潍坊歌尔电子保税区9#厂房机电,15431860.59136394,16820728.04768215,1257062.5824886162,1370198.215164744,15180423.740000002,1236580.81
U_ORG_XM_WFYLJMSQ,潍坊怡力精密四期1#2#厂房机电,32427614.69285163,35346100.01444825,32427614.69285163,35346100.01444825,32073343.410000004,32073343.410000004
U_ORG_XM_WHHXGD,武汉华星光电t3,862767599.3390995,876390116.7998421,55013448.32305565,55313944.693270326,842984140.62,54576157.15
U_ORG_XM_WHHXGDT4,武汉华星光电t4,111772398.82236357,123569149.8339267,26752395.67253226,29508463.599882778,110767057.77,26517518.44
U_ORG_XM_WHHXGDTJDAB,武汉华星光电t4机电A包,77891247.65489984,85680372.42499858,-767746.0888444684,-844520.6977743421,77272482.22999999,-761647.14
U_ORG_XM_WHJDF,武汉高世代薄膜晶体管液晶显示器件(TFT-LCD)生产线,1621158249.4442923,1770317325.520102,19399084.331621412,21295513.6123579,1608447534.3583457,19232287.392306603
U_ORG_XM_WHSZSSZB,芜湖三只松鼠研发运营中心,141602147.32775313,154312483.87880445,89449549.29050164,97479719.58653948,140333820.57000002,88666523.76
U_ORG_XM_WHTKCY,武汉泰康之家·楚园,222606453.51409867,229284647.1191675,6548148.687230099,6744593.147836586,221162059.83000004,6505660.68
U_ORG_XM_WHWKCYTD,北京五和万科长阳天地,205255545.80366665,209185664.85461345,2587264.518826692,2640132.951069325,198812053.69000006,2477471.65
U_ORG_XM_WHXX,武汉新芯OS4F装修,17050982.530030824,17562512.008561477,0,0,15250654.55,0
U_ORG_XM_WHZHTF,武汉中国特种飞行器研发中心,289668654.4090808,318635519.84462595,41453931.520071305,45599324.67119633,273659962.5937865,39153774.65339807
U_ORG_XM_WJBGLEQ,望京办公楼二期,346053202.54341406,377197990.7741126,6269582.842147706,6833845.297629565,342013532.67999995,6167261.040000003
U_ORG_XM_WKCYWYCZZX,北京祥筑万科长阳文娱创作中心,43280811.22029616,47595718.15603519,571259.8863503463,628280.7473737303,42228699.44427,556981.2299999999
U_ORG_XM_WKFCYT,北京万科翡翠云图,628026175.6284783,687934113.3457417,98736238.47001883,108967383.82608794,587718230.4386408,91764864.38
U_ORG_XM_WKSBSYDZX,五棵松冰上运动中心,411930999.71888494,449581352.9719898,16978367.43441388,18557914.205778696,405268901.21000004,16764924.28
U_ORG_XM_WKSLQGY,北京五棵松篮球公园施工,77161576.50740618,78566097.53707954,5732743.930769301,5844774.246068589,73117937.42999999,5319340.56
U_ORG_XM_WKSZHL,北京五棵松文化体育中心配套综合楼,343639039.1013625,374569387.98718774,22697582.5866821,24740513.39841748,341921347.35,22565600.4
U_ORG_XM_WLCBALYJS,乌兰察布阿里云计算数据中心,157968939.73032504,170670378.79850224,6225639.804516283,6616716.706717517,156693953.39203882,6186318.790000001
U_ORG_XM_WLCBKS,乌兰察布快手智能云数据中心,92652042.56121705,100990726.39016512,92652042.56121705,100990726.39016512,90685549.87,90685549.87
U_ORG_XM_WLCBYJSJD,乌兰察布阿里云计算数据中心机电设备安装工程,96597320.1580624,105291078.97399826,27951070.831680503,30466667.20725082,95702057.31,27574656.73
U_ORG_XM_WTDSXD,天津万通大厦（信达二期）,522662183.8981369,526067688.2591492,65013.84791948551,65013.84791948551,511375902.84,63171
U_ORG_XM_WXHFZNZSCDKZZ,无锡华发中南装饰城地块住宅,600888701.2675558,653446651.9010147,127283838.7568554,137091266.05161813,553976151.3141999,123682922.2
U_ORG_XM_WXHK,无锡鸿坤理想湾,520045461.4917635,574510568.9957008,17147395.556269143,18942573.073402453,507683888.0364961,16730700.100000001
U_ORG_XM_WXHL2Z,无锡恒隆广场办公楼2座,566118171.8087138,622490713.5787283,57843486.68403692,63591441.503905505,564071916.7658232,57675797.27000001
U_ORG_XM_WXHLGC,无锡恒隆广场综合发展,113510747.64390798,113601106.73925017,10921722.705127629,10930416.833249394,103626869.96,9970720.5
U_ORG_XM_WXHLGCBGL,无锡恒隆广场办公楼2座保护工程,22899686.323673714,25382073.33468935,8055.035843265208,8926.615884617315,21486294.240000002,7464.90000000014
U_ORG_XM_WXJRG,无锡河埒金融商务港,464243063.3726709,506024939.0828136,10125667.021665696,11036977.0537826,457588697.1142767,9965045.010000002
U_ORG_XM_WXOPN,无锡欧谱纳轻型燃气机制造,50411616.98390625,54948662.509884775,7362806.923489238,8025459.546403687,48524776.34,7080352.800000001
U_ORG_XM_WXSHCZBEDK,无锡市综合交通枢纽项目,124834992.23999277,124834992.23999277,9594484.012224158,9594484.01222416,108882998.13,8368456.359999999
U_ORG_XM_WXSKHLSKJ,无锡SK海力士厂房扩建,1382302190.848975,1520625826.536806,216378585.7239372,238227157.01534593,1361710523.97,214222583.89
U_ORG_XM_WXXZBDT,无锡芯卓半导体产业化建设,199901061.3961392,217892156.91943955,199901061.3961392,217892156.91943955,198757455.75203824,198757455.75203824
U_ORG_XM_WXZGCRJYEQ,无锡中关村软件园太湖分园二期,119024127.3832187,130894974.06982702,10160897.209097685,11169739.418105338,117819072.42000002,10056218.74
U_ORG_XM_WXZGCZZ,无锡中关村软件园住宅,255840207.1893706,256615796.15565574,0,0,234384523.00000006,0
U_ORG_XM_XALXHJD,西安利星行酒店,156530253.54942456,170617976.37494496,73616022.3511489,80241464.36375727,138266239.99528635,69111263.89000002
U_ORG_XM_XARCWSZZ,容城县农村生活污水综合整治项目（EPC）一标,66301186.32549081,72268293.09853996,7210437.559456849,7859376.940216331,65335223.61,7105386.44
U_ORG_XM_XASXBDTRQUT,西安三星半导体二期UT栋,965937408.2082903,1060970649.0165206,26089524.301369216,28669361.95156335,960532021.661979,26059910.200000003
U_ORG_XM_XASXCF,西安三星半导体FAB厂房,98517981.75680971,98517981.75680971,230754.9486606181,230754.9486606181,79300100.05,185741.62999999523
U_ORG_XM_XAXQRDPQ,河北建投雄安·金湖未来城项目一第二标段,376021200.36490214,409982196.2963606,376021200.36490214,409982196.2963606,372626042.73999995,372626042.73999995
U_ORG_XM_XAYLAZF,西安阎良三四七区安置房,50760210.307733655,55328629.23537853,27996932.431345273,30516656.350159697,50074335.25831033,27627171.678310327
U_ORG_XM_XAYSWCYJD,西安奕斯伟硅产业基地,18180372.104885373,19960748.09878369,2092051.8792259875,2305806.3667568313,17592653.04,2016721.64
U_ORG_XM_XAZSSGX,雄安高铁站片区外部输水管线,38208896.55115128,41647697.23724124,2194334.3969384744,2391824.4924619924,37372224.87,2146305.04
U_ORG_XM_XCQ9HZCB,北京西城区金融大街9号商业办公扩建（总承包）,272541579.5322123,277011769.4634501,-578.9771284502101,-596.3464422469682,270623052.96000004,-526.5600000005215
U_ORG_XM_XDWLEQ,北京西大望路二期,142795948.5231029,156918902.9525705,16158648.257688157,17778247.052905906,141913782.42455602,16062235.55
U_ORG_XM_XGLSYJR,北京霞光里5号、6号商业金融,546716930.0185138,591725923.3466108,15300320.375312,16882530.899538793,543157536.1223031,15294708.106116999
U_ORG_XM_XJCAZF,北京新机场安置房,616134251.4862548,632843816.157405,-652609.9770344327,-671927.7367426009,612560300.6200001,-646014.5899999961
U_ORG_XM_XJK1H,北京新街口1号工程,169521015.20769235,184777906.57468012,130799666.71992925,142571636.7221202,166710165.45586565,128636634.57586566
U_ORG_XM_XMTBSCX,厦门天马显示科技有限公司第6代柔性AMOLED生产线,436845809.5576311,476011905.6922161,381775385.5264771,415985143.4986888,435073432.9238358,380227297.2138358
U_ORG_XM_XZMGZ,北京西直门南小街115号综合维修改造,478934.7070944732,522038.8307241526,478934.7070944732,522038.8307241526,474145.36,474145.36
U_ORG_XM_XZWKFCZGJD,徐州万科翡翠之光机电,103606272.14890528,112930836.64673202,15813007.15879442,17236177.80376133,93229398.39999998,14229226.8
U_ORG_XM_XZWKTSLJD,徐州万科铜山路项目A地块商业机电,48281726.33373302,52627081.726464115,16353215.438236082,17825004.83536426,41436640.70999999,14034757.330000002
U_ORG_XM_XZYLH,徐州云龙湖悦府三期,12256781.595189776,12306831.537215821,0,0,11716022.94,0
U_ORG_XM_YCXJTJ,运城新建铜基新材料基地,48676700.34355423,53057603.37412039,48676700.34355423,53057603.37412039,47884364.51,47884364.51
U_ORG_XM_YDDSGZ,北京盈都大厦D座室内外装修改造,3887704.85750004,4237598.293820909,3887704.85750004,4237598.293820909,3121095.7800000003,3121095.7800000003
U_ORG_XM_YFKYL,永丰Ⅱ-11地块科研办公楼,10937372.794194642,10959863.247542715,1870595.2168352185,1874441.7104355546,9343075.51,1597926
U_ORG_XM_YJSGZ,北京电信亦庄云计算改造,83437544.04714477,92431564.80306658,2776533.420513635,3064850.4892600644,82774470.78999999,2740167.81
U_ORG_XM_YTABND,烟台爱博诺德医用材料生产,106068773.66787958,115614963.29982907,53318206.95439177,58116845.58369524,103613223.89000002,52103982.62000001
U_ORG_XM_YXHE2DK,北京怀柔区雁栖湖柏崖厂村E2地块,348965989.5656697,390165951.0943316,82249724.38526459,92115630.77881715,349085626.1210001,82923542.95000002
U_ORG_XM_YYZXGZSQ,北京国家游泳中心改造三期,158525146.13726264,172618069.0718729,24127249.021044724,26265166.270128936,133183258.25999999,20583780.89
U_ORG_XM_Z13SYJR,北京CBD核心区Z13地块商业金融,1434061607.788094,1472854026.5421596,140191387.71521983,143564308.39742017,1338840707.9800003,121369792.18000002
U_ORG_XM_ZBALBBFDJD,张北阿里巴巴数据中心F栋机电,105702920.8027268,112290343.85742179,971874.6924988178,1044711.2109259132,93732790.93,839522.0900000003
U_ORG_XM_ZBALBBSJZXJD,张北阿里巴巴数据中心机电,101317874.13311812,110379019.53624368,7810208.850995955,8513127.647714853,100912590.47,7771024.9
U_ORG_XM_ZBALBBSJZXJDXET,张北阿里巴巴数据中心机电小二台,83726570.2662981,91204673.13665488,8195072.270393831,8932628.774554258,83328013.42,8154955.4
U_ORG_XM_ZBSJZX,张北数据中心2A3总承包工程,125225064.26160537,136495320.05472985,7474577.486381859,8147289.460552797,124179572.66999999,7398651.699999999
U_ORG_XM_ZGZKT,北京Z15中国尊高区空调,266566697.30243716,274563325.89779574,4282086.340129905,4410548.930323931,256377350.95999995,4118398.630000009
U_ORG_XM_ZHCSXW,珠海醋酸纤维有限公司搬迁扩建,676966.004899837,683168.689192581,0,0,641376.6,0
U_ORG_XM_ZHHFGC,珠海华发广场,184353964.5462313,202789360.97712514,60114630.35321843,66126093.38080722,172699538.15305117,56339020.09619899
U_ORG_XM_ZHJFBG,北京总后京丰宾馆老客房楼改造,11563708.85626463,11910620.123255754,18158.055756014703,18702.797430741484,10856307.44,17047.25
U_ORG_XM_ZHZLSZ,珠海臻林山庄,384976225.66980493,419621480.71343577,16637098.388367452,18134437.243246626,380234476.6561875,16375865.219999997
U_ORG_XM_ZHZWKCZX,珠海正威科创中心,41759478.5228426,45517831.59000261,41759478.5228426,45517831.59000261,41550681.129999995,41550681.129999995
U_ORG_XM_ZJHFXCHY,湛江华发新城花园,305684631.82914704,333196248.6956832,43805835.472366996,47748360.663562976,291269517.1676641,41848172.967028454
U_ORG_XM_ZJKQSMZ,张家口下花园浅山名筑住宅小区,40259364.69898316,43882707.52132396,29454231.52140478,32105112.357916262,38733685.17330042,28338714.503300417
U_ORG_XM_ZJKTXHL,张家口腾讯怀来瑞北云数据中心,393366517.56897354,428769504.1513159,45880462.06099458,50009703.64659698,391984957.06671745,45714886.379999995
U_ORG_XM_ZLDDDDK,天津中粮大道一期D地块,310402287.03474355,314041736.81056404,7328866.772002633,7468466.453514446,303658089.9399999,7093530.489999998
U_ORG_XM_ZLKJY,中粮科技园标准厂房,271873311.09768873,290851594.05700517,6643068.660379943,7377174.607605716,264858020.32000005,6596570.44
U_ORG_XM_ZLKJYEQ,北京中粮科技园标准厂房二期,488167597.44016117,532102681.2109664,34095770.40353938,37164389.73975342,466671830.01890016,32761435.930000003
U_ORG_XM_ZSYH,中山宇宏健康花城二期四段,61470348.48182052,67002679.845167935,61470348.48182052,67002679.845167935,61461766.029999994,61461766.029999994
U_ORG_XM_ZZCNSQ,郑州智能骨干网航空港区三期,178559205.81536606,194629534.33664313,178179984.9163849,194216183.55675814,176523722.20920357,176148990.50920358
U_ORG_XM_ZZHK,郑州海康威视科技园,9151382.201787032,9975006.599729383,9151382.201787032,9975006.599729383,9030003.35,9030003.35
U_ORG_XM_ZZJYJD,郑州市建业拾捌壹期机电,81471501.9661234,88803937.14157361,60865771.08545256,66343690.48202199,76367151.72,57052410.51
U_ORG_XM_ZZJYZX,郑州建业中心,153416328.49093506,168869621.3642677,67397401.6825304,74185003.99794658,135545412.8545133,59546483.424513265
U_ORG_XM_ZZQLY,涿州阿里云计算数据中心,29128.542639419564,31750.111477472736,29128.542639419564,31750.111477472736,27462.39,27462.39
U_ORG_XM_ZZWKGC,北京住总·万科广场,33174982.682474148,33254604.73696778,4268921.019916761,4279166.70008275,30007936.11,3861388.879999999
